Minnesota Timberwolves,0,-1,0,-110,-110,0.0,A
Oklahoma City Thunder,0,-1,0,-110,-110,0.0,H
Minnesota Timberwolves,0,656,1,-130,-115,-1.5,A
Oklahoma City Thunder,6,656,1,100,-115,1.5,H
Minnesota Timberwolves,0,637,1,-120,-105,-1.5,A
Oklahoma City Thunder,8,637,1,-110,-125,1.5,H
Minnesota Timberwolves,2,623,1,-120,100,-1.5,A
Oklahoma City Thunder,8,623,1,-110,-130,1.5,H
Minnesota Timberwolves,2,599,1,-120,-105,-1.5,A
Oklahoma City Thunder,8,599,1,-110,-130,1.5,H
Minnesota Timberwolves,2,599,1,-130,-110,-1.5,A
Oklahoma City Thunder,8,599,1,100,-120,1.5,H
Minnesota Timberwolves,4,599,1,-130,-110,-1.5,A
Oklahoma City Thunder,8,599,1,100,-120,1.5,H
Minnesota Timberwolves,6,575,1,-130,-110,-1.5,A
Oklahoma City Thunder,8,575,1,100,-120,1.5,H
Minnesota Timberwolves,6,558,1,-130,-115,-1.5,A
Oklahoma City Thunder,8,558,1,100,-115,1.5,H
Minnesota Timberwolves,6,558,1,-135,-120,-1.5,A
Oklahoma City Thunder,8,558,1,105,-110,1.5,H
Minnesota Timberwolves,6,536,1,-135,-120,-1.5,A
Oklahoma City Thunder,8,536,1,105,-110,1.5,H
Minnesota Timberwolves,8,518,1,-145,-120,-1.5,A
Oklahoma City Thunder,10,518,1,110,-110,1.5,H
Minnesota Timberwolves,8,503,1,-150,-115,-2.5,A
Oklahoma City Thunder,10,503,1,110,-115,2.5,H
Minnesota Timberwolves,10,489,1,-150,-120,-1.5,A
Oklahoma City Thunder,10,489,1,110,-110,1.5,H
Minnesota Timberwolves,10,469,1,-150,-120,-1.5,A
Oklahoma City Thunder,10,469,1,110,-110,1.5,H
Minnesota Timberwolves,13,449,1,-150,-115,-2.5,A
Oklahoma City Thunder,10,449,1,110,-115,2.5,H
Minnesota Timberwolves,13,446,1,-175,-110,-3.5,A
Oklahoma City Thunder,10,446,1,130,-120,3.5,H
Minnesota Timberwolves,13,446,1,-175,-110,-3.5,A
Oklahoma City Thunder,10,446,1,130,-120,3.5,H
Minnesota Timberwolves,13,446,1,-175,-110,-3.5,A
Oklahoma City Thunder,10,446,1,130,-120,3.5,H
Minnesota Timberwolves,13,446,1,-175,-110,-3.5,A
Oklahoma City Thunder,10,446,1,130,-120,3.5,H
Minnesota Timberwolves,13,446,1,-175,-110,-3.5,A
Oklahoma City Thunder,10,446,1,130,-120,3.5,H
Minnesota Timberwolves,13,446,1,-175,-110,-3.5,A
Oklahoma City Thunder,10,446,1,130,-120,3.5,H
Minnesota Timberwolves,13,446,1,-175,-110,-3.5,A
Oklahoma City Thunder,10,446,1,130,-120,3.5,H
Minnesota Timberwolves,13,446,1,-175,-110,-3.5,A
Oklahoma City Thunder,10,446,1,130,-120,3.5,H
Minnesota Timberwolves,13,436,1,-175,-110,-3.5,A
Oklahoma City Thunder,10,436,1,130,-120,3.5,H
Minnesota Timberwolves,13,420,1,-175,-110,-3.5,A
Oklahoma City Thunder,12,420,1,130,-120,3.5,H
Minnesota Timberwolves,13,400,1,-150,-110,-2.5,A
Oklahoma City Thunder,14,400,1,110,-120,2.5,H
Minnesota Timberwolves,13,384,1,-150,-110,-2.5,A
Oklahoma City Thunder,14,384,1,110,-120,2.5,H
Minnesota Timberwolves,13,363,1,-145,-110,-2.5,A
Oklahoma City Thunder,14,363,1,110,-120,2.5,H
Minnesota Timberwolves,13,352,1,-145,-110,-2.5,A
Oklahoma City Thunder,14,352,1,110,-120,2.5,H
Minnesota Timberwolves,13,347,1,-145,-120,-1.5,A
Oklahoma City Thunder,14,347,1,110,-110,1.5,H
Minnesota Timberwolves,15,325,1,-145,-120,-1.5,A
Oklahoma City Thunder,17,325,1,110,-110,1.5,H
Minnesota Timberwolves,15,312,1,-145,-120,-1.5,A
Oklahoma City Thunder,17,312,1,110,-110,1.5,H
Minnesota Timberwolves,15,312,1,-145,-120,-1.5,A
Oklahoma City Thunder,17,312,1,110,-110,1.5,H
Minnesota Timberwolves,15,311,1,-145,-120,-1.5,A
Oklahoma City Thunder,17,311,1,110,-110,1.5,H
Minnesota Timberwolves,15,311,1,-145,-120,-1.5,A
Oklahoma City Thunder,17,311,1,110,-110,1.5,H
Minnesota Timberwolves,15,293,1,-145,-120,-1.5,A
Oklahoma City Thunder,17,293,1,110,-110,1.5,H
Minnesota Timberwolves,15,286,1,-135,-115,-1.5,A
Oklahoma City Thunder,17,286,1,105,-115,1.5,H
Minnesota Timberwolves,18,264,1,-135,-120,-1.5,A
Oklahoma City Thunder,17,264,1,105,-110,1.5,H
Minnesota Timberwolves,18,252,1,-160,-115,-2.5,A
Oklahoma City Thunder,17,252,1,120,-115,2.5,H
Minnesota Timberwolves,18,243,1,-135,-120,-1.5,A
Oklahoma City Thunder,17,243,1,105,-110,1.5,H
Minnesota Timberwolves,20,225,1,-160,-115,-2.5,A
Oklahoma City Thunder,17,225,1,120,-115,2.5,H
Minnesota Timberwolves,20,203,1,-165,-120,-2.5,A
Oklahoma City Thunder,17,203,1,125,-110,2.5,H
Minnesota Timberwolves,20,181,1,-185,-115,-3.5,A
Oklahoma City Thunder,20,181,1,140,-115,3.5,H
Minnesota Timberwolves,20,164,1,-135,-115,-1.5,A
Oklahoma City Thunder,22,164,1,105,-115,1.5,H
Minnesota Timberwolves,20,164,1,-135,-115,-1.5,A
Oklahoma City Thunder,22,164,1,105,-115,1.5,H
Minnesota Timberwolves,20,164,1,-135,-115,-1.5,A
Oklahoma City Thunder,22,164,1,105,-115,1.5,H
Minnesota Timberwolves,20,164,1,-135,-115,-1.5,A
Oklahoma City Thunder,22,164,1,105,-115,1.5,H
Minnesota Timberwolves,20,164,1,-135,-115,-1.5,A
Oklahoma City Thunder,22,164,1,105,-115,1.5,H
Minnesota Timberwolves,20,164,1,-135,-115,-1.5,A
Oklahoma City Thunder,22,164,1,105,-115,1.5,H
Minnesota Timberwolves,20,164,1,-135,-115,-1.5,A
Oklahoma City Thunder,22,164,1,105,-115,1.5,H
Minnesota Timberwolves,20,164,1,-135,-115,-1.5,A
Oklahoma City Thunder,22,164,1,105,-115,1.5,H
Minnesota Timberwolves,20,164,1,-135,-115,-1.5,A
Oklahoma City Thunder,22,164,1,105,-115,1.5,H
Minnesota Timberwolves,20,143,1,-135,-115,-1.5,A
Oklahoma City Thunder,22,143,1,105,-115,1.5,H
Minnesota Timberwolves,20,143,1,-130,-115,-1.5,A
Oklahoma City Thunder,22,143,1,100,-115,1.5,H
Minnesota Timberwolves,20,133,1,-125,-110,-1.5,A
Oklahoma City Thunder,23,133,1,-105,-125,1.5,H
Minnesota Timberwolves,20,112,1,-125,-110,-1.5,A
Oklahoma City Thunder,23,112,1,-105,-125,1.5,H
Minnesota Timberwolves,20,101,1,-130,-110,-1.5,A
Oklahoma City Thunder,23,101,1,100,-125,1.5,H
Minnesota Timberwolves,20,94,1,-120,-105,-1.5,A
Oklahoma City Thunder,23,94,1,-110,-125,1.5,H
Minnesota Timberwolves,20,73,1,-120,-105,-1.5,A
Oklahoma City Thunder,23,73,1,-110,-125,1.5,H
Minnesota Timberwolves,22,67,1,-125,-110,-1.5,A
Oklahoma City Thunder,23,67,1,-105,-125,1.5,H
Minnesota Timberwolves,23,67,1,-145,-110,-2.5,A
Oklahoma City Thunder,23,67,1,110,-120,2.5,H
Minnesota Timberwolves,23,60,1,-155,-115,-2.5,A
Oklahoma City Thunder,23,60,1,115,-115,2.5,H
Minnesota Timberwolves,23,32,1,-155,-115,-2.5,A
Oklahoma City Thunder,23,32,1,115,-115,2.5,H
Minnesota Timberwolves,23,10,1,-150,-115,-2.5,A
Oklahoma City Thunder,23,10,1,110,-115,2.5,H
Minnesota Timberwolves,23,9,1,-155,-115,-2.5,A
Oklahoma City Thunder,23,9,1,115,-115,2.5,H
Minnesota Timberwolves,23,9,1,-155,-115,-2.5,A
Oklahoma City Thunder,23,9,1,115,-115,2.5,H
Minnesota Timberwolves,25,0,1,-150,-110,-2.5,A
Oklahoma City Thunder,23,0,1,110,-120,2.5,H
Minnesota Timberwolves,25,720,2,-175,-110,-3.5,A
Oklahoma City Thunder,23,720,2,130,-120,3.5,H
Minnesota Timberwolves,25,720,2,-175,-110,-3.5,A
Oklahoma City Thunder,23,720,2,130,-120,3.5,H
Minnesota Timberwolves,25,720,2,-175,-110,-3.5,A
Oklahoma City Thunder,23,720,2,130,-120,3.5,H
Minnesota Timberwolves,25,720,2,-175,-110,-3.5,A
Oklahoma City Thunder,23,720,2,130,-120,3.5,H
Minnesota Timberwolves,25,720,2,-175,-110,-3.5,A
Oklahoma City Thunder,23,720,2,130,-120,3.5,H
Minnesota Timberwolves,25,720,2,-175,-110,-3.5,A
Oklahoma City Thunder,23,720,2,130,-120,3.5,H
Minnesota Timberwolves,25,720,2,-175,-110,-3.5,A
Oklahoma City Thunder,23,720,2,130,-120,3.5,H
Minnesota Timberwolves,27,702,2,-200,-115,-3.5,A
Oklahoma City Thunder,23,702,2,150,-115,3.5,H
Minnesota Timberwolves,27,686,2,-200,-115,-3.5,A
Oklahoma City Thunder,23,686,2,150,-115,3.5,H
Minnesota Timberwolves,27,676,2,-200,-115,-3.5,A
Oklahoma City Thunder,23,676,2,150,-115,3.5,H
Minnesota Timberwolves,27,676,2,-185,-110,-3.5,A
Oklahoma City Thunder,23,676,2,140,-120,3.5,H
Minnesota Timberwolves,27,659,2,-190,-115,-3.5,A
Oklahoma City Thunder,24,659,2,145,-115,3.5,H
Minnesota Timberwolves,27,638,2,-190,-115,-3.5,A
Oklahoma City Thunder,24,638,2,145,-115,3.5,H
Minnesota Timberwolves,27,638,2,-190,-115,-3.5,A
Oklahoma City Thunder,24,638,2,145,-115,3.5,H
Minnesota Timberwolves,27,633,2,-175,-120,-2.5,A
Oklahoma City Thunder,26,633,2,130,-110,2.5,H
Minnesota Timberwolves,27,619,2,-185,-115,-3.5,A
Oklahoma City Thunder,26,619,2,140,-115,3.5,H
Minnesota Timberwolves,27,606,2,-165,-115,-2.5,A
Oklahoma City Thunder,26,606,2,125,-115,2.5,H
Minnesota Timberwolves,27,577,2,-165,-115,-2.5,A
Oklahoma City Thunder,26,577,2,125,-115,2.5,H
Minnesota Timberwolves,27,558,2,-150,-105,-2.5,A
Oklahoma City Thunder,28,558,2,110,-125,2.5,H
Minnesota Timberwolves,29,535,2,-150,-105,-2.5,A
Oklahoma City Thunder,28,535,2,110,-125,2.5,H
Minnesota Timberwolves,29,522,2,-155,-115,-2.5,A
Oklahoma City Thunder,28,522,2,115,-115,2.5,H
Minnesota Timberwolves,29,511,2,-175,-120,-2.5,A
Oklahoma City Thunder,28,511,2,130,-110,2.5,H
Minnesota Timberwolves,31,488,2,-175,-120,-2.5,A
Oklahoma City Thunder,28,488,2,130,-110,2.5,H
Minnesota Timberwolves,34,467,2,-180,-110,-3.5,A
Oklahoma City Thunder,28,467,2,135,-120,3.5,H
Minnesota Timberwolves,34,461,2,-200,-115,-3.5,A
Oklahoma City Thunder,28,461,2,150,-115,3.5,H
Minnesota Timberwolves,35,461,2,-260,-110,-5.5,A
Oklahoma City Thunder,28,461,2,190,-120,5.5,H
Minnesota Timberwolves,35,461,2,-260,-110,-5.5,A
Oklahoma City Thunder,28,461,2,190,-120,5.5,H
Minnesota Timberwolves,35,461,2,-260,-110,-5.5,A
Oklahoma City Thunder,28,461,2,190,-120,5.5,H
Minnesota Timberwolves,35,461,2,-280,-115,-5.5,A
Oklahoma City Thunder,28,461,2,205,-115,5.5,H
Minnesota Timberwolves,35,461,2,-260,-110,-5.5,A
Oklahoma City Thunder,28,461,2,190,-120,5.5,H
Minnesota Timberwolves,35,461,2,-280,-115,-5.5,A
Oklahoma City Thunder,28,461,2,205,-115,5.5,H
Minnesota Timberwolves,35,461,2,-280,-115,-5.5,A
Oklahoma City Thunder,28,461,2,205,-115,5.5,H
Minnesota Timberwolves,35,461,2,-280,-115,-5.5,A
Oklahoma City Thunder,28,461,2,205,-115,5.5,H
Minnesota Timberwolves,35,461,2,-280,-115,-5.5,A
Oklahoma City Thunder,28,461,2,205,-115,5.5,H
Minnesota Timberwolves,36,461,2,-280,-115,-5.5,A
Oklahoma City Thunder,28,461,2,205,-115,5.5,H
Minnesota Timberwolves,36,438,2,-280,-115,-5.5,A
Oklahoma City Thunder,28,438,2,205,-115,5.5,H
Minnesota Timberwolves,36,415,2,-280,-115,-5.5,A
Oklahoma City Thunder,28,415,2,205,-115,5.5,H
Minnesota Timberwolves,36,387,2,-290,-120,-5.5,A
Oklahoma City Thunder,30,387,2,210,-110,5.5,H
Minnesota Timberwolves,38,365,2,-260,-115,-5.5,A
Oklahoma City Thunder,32,365,2,200,-115,5.5,H
Minnesota Timberwolves,40,339,2,-250,-120,-4.5,A
Oklahoma City Thunder,32,339,2,185,-110,4.5,H
Minnesota Timberwolves,40,339,2,-220,-115,-4.5,A
Oklahoma City Thunder,32,339,2,165,-115,4.5,H
Minnesota Timberwolves,40,339,2,-300,-120,-5.5,A
Oklahoma City Thunder,32,339,2,215,-110,5.5,H
Minnesota Timberwolves,40,339,2,-300,-120,-5.5,A
Oklahoma City Thunder,32,339,2,215,-110,5.5,H
Minnesota Timberwolves,40,339,2,-275,-110,-5.5,A
Oklahoma City Thunder,32,339,2,200,-120,5.5,H
Minnesota Timberwolves,40,339,2,-275,-110,-5.5,A
Oklahoma City Thunder,32,339,2,200,-120,5.5,H
Minnesota Timberwolves,40,339,2,-300,-115,-5.5,A
Oklahoma City Thunder,32,339,2,210,-115,5.5,H
Minnesota Timberwolves,40,339,2,-275,-110,-5.5,A
Oklahoma City Thunder,32,339,2,200,-120,5.5,H
Minnesota Timberwolves,40,334,2,-275,-110,-5.5,A
Oklahoma City Thunder,32,334,2,200,-120,5.5,H
Minnesota Timberwolves,40,325,2,-275,-110,-5.5,A
Oklahoma City Thunder,32,325,2,200,-120,5.5,H
Minnesota Timberwolves,40,325,2,-275,-110,-5.5,A
Oklahoma City Thunder,33,325,2,200,-120,5.5,H
Minnesota Timberwolves,40,314,2,-250,-120,-4.5,A
Oklahoma City Thunder,33,314,2,185,-110,4.5,H
Minnesota Timberwolves,40,290,2,-260,-125,-4.5,A
Oklahoma City Thunder,33,290,2,190,-105,4.5,H
Minnesota Timberwolves,40,290,2,-240,-115,-4.5,A
Oklahoma City Thunder,33,290,2,180,-115,4.5,H
Minnesota Timberwolves,40,261,2,-260,-110,-5.5,A
Oklahoma City Thunder,33,261,2,190,-120,5.5,H
Minnesota Timberwolves,40,255,2,-275,-110,-5.5,A
Oklahoma City Thunder,33,255,2,200,-120,5.5,H
Minnesota Timberwolves,40,230,2,-210,-115,-3.5,A
Oklahoma City Thunder,36,230,2,155,-115,3.5,H
Minnesota Timberwolves,40,217,2,-210,-115,-3.5,A
Oklahoma City Thunder,36,217,2,155,-115,3.5,H
Minnesota Timberwolves,40,217,2,-180,-120,-2.5,A
Oklahoma City Thunder,37,217,2,135,-110,2.5,H
Minnesota Timberwolves,40,208,2,-160,-115,-2.5,A
Oklahoma City Thunder,38,208,2,120,-115,2.5,H
Minnesota Timberwolves,43,185,2,-200,-115,-3.5,A
Oklahoma City Thunder,41,185,2,150,-115,3.5,H
Minnesota Timberwolves,43,173,2,-200,-115,-3.5,A
Oklahoma City Thunder,41,173,2,150,-115,3.5,H
Minnesota Timberwolves,43,147,2,-160,-115,-2.5,A
Oklahoma City Thunder,41,147,2,120,-115,2.5,H
Minnesota Timberwolves,45,127,2,-165,-115,-2.5,A
Oklahoma City Thunder,41,127,2,125,-115,2.5,H
Minnesota Timberwolves,45,126,2,-210,-115,-3.5,A
Oklahoma City Thunder,41,126,2,155,-115,3.5,H
Minnesota Timberwolves,45,126,2,-190,-110,-3.5,A
Oklahoma City Thunder,44,126,2,145,-120,3.5,H
Minnesota Timberwolves,45,107,2,-190,-110,-3.5,A
Oklahoma City Thunder,46,107,2,145,-120,3.5,H
Minnesota Timberwolves,45,90,2,-145,-110,-2.5,A
Oklahoma City Thunder,46,90,2,110,-125,2.5,H
Minnesota Timberwolves,45,90,2,-130,-110,-1.5,A
Oklahoma City Thunder,46,90,2,100,-120,1.5,H
Minnesota Timberwolves,45,90,2,-130,-110,-1.5,A
Oklahoma City Thunder,46,90,2,100,-120,1.5,H
Minnesota Timberwolves,45,90,2,-130,-110,-1.5,A
Oklahoma City Thunder,46,90,2,100,-120,1.5,H
Minnesota Timberwolves,45,75,2,-130,-110,-1.5,A
Oklahoma City Thunder,46,75,2,100,-120,1.5,H
Minnesota Timberwolves,47,67,2,-130,-110,-1.5,A
Oklahoma City Thunder,46,67,2,100,-120,1.5,H
Minnesota Timberwolves,47,67,2,-155,-110,-2.5,A
Oklahoma City Thunder,46,67,2,115,-120,2.5,H
Minnesota Timberwolves,48,55,2,-155,-110,-2.5,A
Oklahoma City Thunder,48,55,2,115,-120,2.5,H
Minnesota Timberwolves,48,55,2,-160,-110,-2.5,A
Oklahoma City Thunder,48,55,2,120,-120,2.5,H
Minnesota Timberwolves,48,32,2,-135,-110,-1.5,A
Oklahoma City Thunder,51,32,2,105,-120,1.5,H
Minnesota Timberwolves,51,19,2,-105,-120,1.5,A
Oklahoma City Thunder,51,19,2,-125,-110,-1.5,H
Minnesota Timberwolves,51,0,2,-120,-105,-1.5,A
Oklahoma City Thunder,53,0,2,-110,-125,1.5,H
Minnesota Timberwolves,51,600,3,-120,-105,-1.5,A
Oklahoma City Thunder,55,600,3,-110,-125,1.5,H
Minnesota Timberwolves,51,600,3,110,-110,1.5,A
Oklahoma City Thunder,55,600,3,-150,-120,-1.5,H
Minnesota Timberwolves,51,600,3,130,-115,2.5,A
Oklahoma City Thunder,55,600,3,-175,-115,-2.5,H
Minnesota Timberwolves,51,600,3,130,-115,2.5,A
Oklahoma City Thunder,55,600,3,-175,-115,-2.5,H
Minnesota Timberwolves,51,600,3,130,-115,2.5,A
Oklahoma City Thunder,55,600,3,-175,-115,-2.5,H
Minnesota Timberwolves,54,669,3,120,-105,1.5,A
Oklahoma City Thunder,55,669,3,-160,-125,-1.5,H
Minnesota Timberwolves,54,623,3,100,-120,1.5,A
Oklahoma City Thunder,55,623,3,-130,-110,-1.5,H
Minnesota Timberwolves,56,613,3,100,-120,1.5,A
Oklahoma City Thunder,55,613,3,-130,-110,-1.5,H
Minnesota Timberwolves,56,592,3,-105,-125,1.5,A
Oklahoma City Thunder,55,592,3,-125,-105,-1.5,H
Minnesota Timberwolves,58,567,3,-130,-110,-1.5,A
Oklahoma City Thunder,58,567,3,100,-125,1.5,H
Minnesota Timberwolves,58,545,3,100,-120,1.5,A
Oklahoma City Thunder,58,545,3,-130,-110,-1.5,H
Minnesota Timberwolves,58,519,3,100,-120,1.5,A
Oklahoma City Thunder,58,519,3,-130,-110,-1.5,H
Minnesota Timberwolves,58,512,3,100,-120,1.5,A
Oklahoma City Thunder,58,512,3,-130,-110,-1.5,H
Minnesota Timberwolves,58,512,3,100,-120,1.5,A
Oklahoma City Thunder,58,512,3,-130,-110,-1.5,H
Minnesota Timberwolves,58,487,3,-130,-110,-1.5,A
Oklahoma City Thunder,59,487,3,100,-120,1.5,H
Minnesota Timberwolves,61,468,3,-130,-110,-1.5,A
Oklahoma City Thunder,59,468,3,100,-120,1.5,H
Minnesota Timberwolves,61,465,3,-130,-110,-1.5,A
Oklahoma City Thunder,59,465,3,100,-120,1.5,H
Minnesota Timberwolves,61,465,3,-155,-110,-1.5,A
Oklahoma City Thunder,59,465,3,115,-120,1.5,H
Minnesota Timberwolves,61,465,3,-155,-110,-1.5,A
Oklahoma City Thunder,59,465,3,115,-120,1.5,H
Minnesota Timberwolves,61,465,3,-165,-110,-2.5,A
Oklahoma City Thunder,59,465,3,125,-120,2.5,H
Minnesota Timberwolves,61,465,3,-160,-120,-1.5,A
Oklahoma City Thunder,59,465,3,120,-110,1.5,H
Minnesota Timberwolves,61,465,3,-160,-120,-1.5,A
Oklahoma City Thunder,59,465,3,120,-110,1.5,H
Minnesota Timberwolves,61,465,3,-160,-120,-1.5,A
Oklahoma City Thunder,59,465,3,120,-110,1.5,H
Minnesota Timberwolves,61,465,3,-160,-120,-1.5,A
Oklahoma City Thunder,59,465,3,120,-110,1.5,H
Minnesota Timberwolves,61,465,3,-160,-120,-1.5,A
Oklahoma City Thunder,59,465,3,120,-110,1.5,H
Minnesota Timberwolves,61,443,3,-160,-120,-1.5,A
Oklahoma City Thunder,61,443,3,120,-110,1.5,H
Minnesota Timberwolves,63,435,3,-175,-110,-2.5,A
Oklahoma City Thunder,61,435,3,130,-120,2.5,H
Minnesota Timberwolves,63,423,3,-175,-110,-2.5,A
Oklahoma City Thunder,61,423,3,130,-120,2.5,H
Minnesota Timberwolves,63,415,3,-160,-120,-1.5,A
Oklahoma City Thunder,61,415,3,120,-110,1.5,H
Minnesota Timberwolves,63,412,3,-160,-120,-1.5,A
Oklahoma City Thunder,63,412,3,120,-110,1.5,H
Minnesota Timberwolves,66,395,3,-175,-110,-2.5,A
Oklahoma City Thunder,63,395,3,130,-120,2.5,H
Minnesota Timberwolves,66,377,3,-160,-115,-1.5,A
Oklahoma City Thunder,63,377,3,120,-115,1.5,H
Minnesota Timberwolves,66,361,3,-175,-110,-2.5,A
Oklahoma City Thunder,65,361,3,130,-120,2.5,H
Minnesota Timberwolves,68,340,3,-175,-110,-2.5,A
Oklahoma City Thunder,65,340,3,130,-120,2.5,H
Minnesota Timberwolves,68,317,3,-175,-110,-2.5,A
Oklahoma City Thunder,65,317,3,130,-120,2.5,H
Minnesota Timberwolves,68,284,3,-175,-110,-2.5,A
Oklahoma City Thunder,67,284,3,130,-120,2.5,H
Minnesota Timberwolves,68,266,3,-175,-115,-2.5,A
Oklahoma City Thunder,69,266,3,130,-115,2.5,H
Minnesota Timberwolves,68,266,3,-160,-110,-1.5,A
Oklahoma City Thunder,69,266,3,120,-120,1.5,H
Minnesota Timberwolves,68,266,3,-160,-110,-1.5,A
Oklahoma City Thunder,69,266,3,120,-120,1.5,H
Minnesota Timberwolves,68,266,3,-160,-110,-1.5,A
Oklahoma City Thunder,69,266,3,120,-120,1.5,H
Minnesota Timberwolves,68,266,3,-145,-110,-1.5,A
Oklahoma City Thunder,69,266,3,110,-120,1.5,H
Minnesota Timberwolves,68,266,3,-145,-110,-1.5,A
Oklahoma City Thunder,69,266,3,110,-120,1.5,H
Minnesota Timberwolves,68,266,3,-145,-110,-1.5,A
Oklahoma City Thunder,69,266,3,110,-120,1.5,H
Minnesota Timberwolves,68,266,3,-145,-110,-1.5,A
Oklahoma City Thunder,69,266,3,110,-120,1.5,H
Minnesota Timberwolves,68,263,3,-145,-110,-1.5,A
Oklahoma City Thunder,69,263,3,110,-120,1.5,H
Minnesota Timberwolves,68,248,3,-160,-110,-1.5,A
Oklahoma City Thunder,69,248,3,120,-120,1.5,H
Minnesota Timberwolves,69,248,3,-160,-110,-1.5,A
Oklahoma City Thunder,69,248,3,120,-120,1.5,H
Minnesota Timberwolves,70,229,3,-160,-110,-1.5,A
Oklahoma City Thunder,72,229,3,120,-120,1.5,H
Minnesota Timberwolves,70,213,3,-165,-110,-1.5,A
Oklahoma City Thunder,72,213,3,125,-120,1.5,H
Minnesota Timberwolves,73,206,3,105,-115,1.5,A
Oklahoma City Thunder,72,206,3,-135,-115,-1.5,H
Minnesota Timberwolves,73,186,3,-180,-110,-2.5,A
Oklahoma City Thunder,72,186,3,135,-120,2.5,H
Minnesota Timberwolves,76,164,3,-180,-110,-2.5,A
Oklahoma City Thunder,72,164,3,135,-120,2.5,H
Minnesota Timberwolves,76,144,3,-165,-115,-1.5,A
Oklahoma City Thunder,72,144,3,125,-115,1.5,H
Minnesota Timberwolves,76,125,3,-220,-115,-3.5,A
Oklahoma City Thunder,74,125,3,165,-115,3.5,H
Minnesota Timberwolves,79,103,3,-210,-105,-3.5,A
Oklahoma City Thunder,74,103,3,155,-125,3.5,H
Minnesota Timberwolves,82,82,3,-275,-110,-4.5,A
Oklahoma City Thunder,74,82,3,205,-125,4.5,H
Minnesota Timberwolves,82,59,3,-350,-105,-5.5,A
Oklahoma City Thunder,74,59,3,245,-125,5.5,H
Minnesota Timberwolves,82,38,3,-550,-115,-6.5,A
Oklahoma City Thunder,74,38,3,350,-115,6.5,H
Minnesota Timberwolves,82,21,3,-475,-115,-6.5,A
Oklahoma City Thunder,76,21,3,320,-115,6.5,H
Minnesota Timberwolves,82,11,3,-475,-125,-5.5,A
Oklahoma City Thunder,76,11,3,315,-105,5.5,H
Minnesota Timberwolves,85,720,4,-550,-115,-6.5,A
Oklahoma City Thunder,76,720,4,350,-115,6.5,H
Minnesota Timberwolves,85,720,4,-900,-120,-7.5,A
Oklahoma City Thunder,76,720,4,475,-110,7.5,H
Minnesota Timberwolves,85,720,4,-450,-120,-7.5,A
Oklahoma City Thunder,76,720,4,295,-110,7.5,H
Minnesota Timberwolves,85,720,4,-900,-120,-7.5,A
Oklahoma City Thunder,76,720,4,475,-110,7.5,H
Minnesota Timberwolves,85,720,4,-900,-120,-7.5,A
Oklahoma City Thunder,76,720,4,475,-110,7.5,H
Minnesota Timberwolves,85,720,4,-900,-120,-7.5,A
Oklahoma City Thunder,76,720,4,475,-110,7.5,H
Minnesota Timberwolves,85,720,4,-900,-120,-7.5,A
Oklahoma City Thunder,76,720,4,475,-110,7.5,H
Minnesota Timberwolves,85,720,4,-900,-120,-7.5,A
Oklahoma City Thunder,76,720,4,475,-110,7.5,H
Minnesota Timberwolves,85,720,4,-900,-120,-7.5,A
Oklahoma City Thunder,76,720,4,475,-110,7.5,H
Minnesota Timberwolves,85,705,4,-900,-120,-7.5,A
Oklahoma City Thunder,78,705,4,475,-110,7.5,H
Minnesota Timberwolves,85,678,4,-300,-110,-4.5,A
Oklahoma City Thunder,81,678,4,220,-120,4.5,H
Minnesota Timberwolves,87,659,4,-300,-110,-4.5,A
Oklahoma City Thunder,81,659,4,220,-120,4.5,H
Minnesota Timberwolves,87,657,4,-475,-125,-5.5,A
Oklahoma City Thunder,81,657,4,320,-105,5.5,H
Minnesota Timberwolves,87,648,4,-475,-125,-5.5,A
Oklahoma City Thunder,81,648,4,320,-105,5.5,H
Minnesota Timberwolves,90,635,4,-650,-115,-6.5,A
Oklahoma City Thunder,81,635,4,385,-115,6.5,H
Minnesota Timberwolves,90,630,4,-650,-115,-6.5,A
Oklahoma City Thunder,81,630,4,385,-115,6.5,H
Minnesota Timberwolves,90,620,4,-1200,-115,-8.5,A
Oklahoma City Thunder,81,620,4,600,-115,8.5,H
Minnesota Timberwolves,90,596,4,-1100,-115,-8.5,A
Oklahoma City Thunder,81,596,4,575,-115,8.5,H
Minnesota Timberwolves,90,592,4,-1600,-105,-9.5,A
Oklahoma City Thunder,81,592,4,700,-125,9.5,H
Minnesota Timberwolves,90,564,4,-650,-110,-6.5,A
Oklahoma City Thunder,84,564,4,385,-120,6.5,H
Minnesota Timberwolves,90,543,4,-650,-110,-6.5,A
Oklahoma City Thunder,84,543,4,385,-120,6.5,H
Minnesota Timberwolves,90,529,4,-750,-125,-6.5,A
Oklahoma City Thunder,87,529,4,425,-105,6.5,H
Minnesota Timberwolves,90,529,4,-300,-105,-4.5,A
Oklahoma City Thunder,87,529,4,220,-125,4.5,H
Minnesota Timberwolves,90,529,4,-300,-105,-4.5,A
Oklahoma City Thunder,87,529,4,220,-125,4.5,H
Minnesota Timberwolves,90,529,4,-300,-105,-4.5,A
Oklahoma City Thunder,87,529,4,220,-125,4.5,H
Minnesota Timberwolves,90,529,4,-300,-105,-4.5,A
Oklahoma City Thunder,87,529,4,220,-125,4.5,H
Minnesota Timberwolves,90,529,4,-300,-105,-4.5,A
Oklahoma City Thunder,87,529,4,220,-125,4.5,H
Minnesota Timberwolves,90,529,4,-300,-105,-4.5,A
Oklahoma City Thunder,87,529,4,220,-125,4.5,H
Minnesota Timberwolves,90,529,4,-300,-105,-4.5,A
Oklahoma City Thunder,87,529,4,220,-125,4.5,H
Minnesota Timberwolves,90,529,4,-300,-105,-4.5,A
Oklahoma City Thunder,87,529,4,220,-125,4.5,H
Minnesota Timberwolves,90,511,4,-300,-105,-4.5,A
Oklahoma City Thunder,87,511,4,220,-125,4.5,H
Minnesota Timberwolves,90,489,4,-300,-105,-4.5,A
Oklahoma City Thunder,87,489,4,220,-125,4.5,H
Minnesota Timberwolves,90,474,4,-240,-105,-3.5,A
Oklahoma City Thunder,87,474,4,175,-125,3.5,H
Minnesota Timberwolves,90,474,4,-320,-105,-4.5,A
Oklahoma City Thunder,87,474,4,230,-125,4.5,H
Minnesota Timberwolves,90,451,4,-320,-105,-4.5,A
Oklahoma City Thunder,89,451,4,230,-125,4.5,H
Minnesota Timberwolves,92,432,4,-180,-105,-2.5,A
Oklahoma City Thunder,89,432,4,135,-125,2.5,H
Minnesota Timberwolves,92,420,4,-180,-105,-2.5,A
Oklahoma City Thunder,89,420,4,135,-125,2.5,H
Minnesota Timberwolves,92,398,4,-180,-105,-2.5,A
Oklahoma City Thunder,89,398,4,135,-125,2.5,H
Minnesota Timberwolves,92,398,4,-260,-110,-3.5,A
Oklahoma City Thunder,89,398,4,190,-120,3.5,H
Minnesota Timberwolves,92,378,4,-260,-110,-3.5,A
Oklahoma City Thunder,92,378,4,190,-120,3.5,H
Minnesota Timberwolves,95,356,4,-175,-110,-1.5,A
Oklahoma City Thunder,92,356,4,130,-120,1.5,H
Minnesota Timberwolves,95,353,4,-275,-110,-3.5,A
Oklahoma City Thunder,92,353,4,200,-120,3.5,H
Minnesota Timberwolves,95,335,4,-275,-105,-4.5,A
Oklahoma City Thunder,92,335,4,200,-125,4.5,H
Minnesota Timberwolves,95,335,4,-280,-110,-3.5,A
Oklahoma City Thunder,92,335,4,205,-120,3.5,H
Minnesota Timberwolves,95,335,4,-280,-110,-3.5,A
Oklahoma City Thunder,92,335,4,205,-120,3.5,H
Minnesota Timberwolves,95,335,4,-280,-110,-3.5,A
Oklahoma City Thunder,92,335,4,205,-120,3.5,H
Minnesota Timberwolves,95,335,4,-280,-110,-3.5,A
Oklahoma City Thunder,92,335,4,205,-120,3.5,H
Minnesota Timberwolves,95,335,4,-220,-115,-2.5,A
Oklahoma City Thunder,92,335,4,165,-115,2.5,H
Minnesota Timberwolves,95,335,4,-220,-115,-2.5,A
Oklahoma City Thunder,92,335,4,165,-115,2.5,H
Minnesota Timberwolves,95,335,4,-220,-115,-2.5,A
Oklahoma City Thunder,92,335,4,165,-115,2.5,H
Minnesota Timberwolves,95,335,4,-220,-115,-2.5,A
Oklahoma City Thunder,92,335,4,165,-115,2.5,H
Minnesota Timberwolves,95,335,4,-220,-115,-2.5,A
Oklahoma City Thunder,92,335,4,165,-115,2.5,H
Minnesota Timberwolves,95,325,4,-300,-115,-2.5,A
Oklahoma City Thunder,92,325,4,220,-115,2.5,H
Minnesota Timberwolves,95,310,4,-300,-115,-2.5,A
Oklahoma City Thunder,92,310,4,220,-115,2.5,H
Minnesota Timberwolves,95,293,4,-220,-115,-2.5,A
Oklahoma City Thunder,92,293,4,165,-115,2.5,H
Minnesota Timberwolves,95,294,4,-220,-115,-2.5,A
Oklahoma City Thunder,92,294,4,165,-115,2.5,H
Minnesota Timberwolves,95,294,4,-175,-105,-1.5,A
Oklahoma City Thunder,93,294,4,130,-125,1.5,H
Minnesota Timberwolves,95,294,4,-175,-105,-1.5,A
Oklahoma City Thunder,93,294,4,130,-125,1.5,H
Minnesota Timberwolves,95,277,4,-175,-115,-1.5,A
Oklahoma City Thunder,93,277,4,130,-115,1.5,H
Minnesota Timberwolves,95,257,4,-150,-110,-1.5,A
Oklahoma City Thunder,93,257,4,110,-120,1.5,H
Minnesota Timberwolves,97,237,4,-175,-105,-1.5,A
Oklahoma City Thunder,93,237,4,130,-125,1.5,H
Minnesota Timberwolves,99,215,4,-330,-115,-3.5,A
Oklahoma City Thunder,93,215,4,235,-115,3.5,H
Minnesota Timberwolves,99,215,4,-150,100,-1.5,A
Oklahoma City Thunder,93,215,4,110,-130,1.5,H
Minnesota Timberwolves,99,215,4,-650,-120,-4.5,A
Oklahoma City Thunder,93,215,4,385,-110,4.5,H
Minnesota Timberwolves,99,215,4,-650,-120,-4.5,A
Oklahoma City Thunder,93,215,4,385,-110,4.5,H
Minnesota Timberwolves,99,215,4,-1100,-115,-5.5,A
Oklahoma City Thunder,93,215,4,550,-115,5.5,H
Minnesota Timberwolves,99,210,4,-1100,-115,-5.5,A
Oklahoma City Thunder,93,210,4,550,-115,5.5,H
Minnesota Timberwolves,99,191,4,-1100,-115,-5.5,A
Oklahoma City Thunder,96,191,4,575,-115,5.5,H
Minnesota Timberwolves,99,171,4,-700,-110,-4.5,A
Oklahoma City Thunder,98,171,4,400,-120,4.5,H
Minnesota Timberwolves,99,171,4,-380,-110,-3.5,A
Oklahoma City Thunder,98,171,4,265,-120,3.5,H
Minnesota Timberwolves,99,171,4,-220,100,-2.5,A
Oklahoma City Thunder,98,171,4,165,-130,2.5,H
Minnesota Timberwolves,99,171,4,-245,-110,-2.5,A
Oklahoma City Thunder,98,171,4,180,-120,2.5,H
Minnesota Timberwolves,99,171,4,-245,-110,-2.5,A
Oklahoma City Thunder,98,171,4,180,-120,2.5,H
Minnesota Timberwolves,101,154,4,-245,-110,-2.5,A
Oklahoma City Thunder,98,154,4,180,-120,2.5,H
Minnesota Timberwolves,101,135,4,-450,-115,-3.5,A
Oklahoma City Thunder,98,135,4,300,-115,3.5,H
Minnesota Timberwolves,101,116,4,-750,-110,-4.5,A
Oklahoma City Thunder,100,116,4,425,-120,4.5,H
Minnesota Timberwolves,103,95,4,-260,-110,-3.5,A
Oklahoma City Thunder,100,95,4,190,-120,3.5,H
Minnesota Timberwolves,103,80,4,-260,-110,-3.5,A
Oklahoma City Thunder,100,80,4,200,-120,3.5,H
Minnesota Timberwolves,103,61,4,-900,-110,-3.5,A
Oklahoma City Thunder,100,61,4,500,-120,3.5,H
Minnesota Timberwolves,103,45,4,-900,-110,-3.5,A
Oklahoma City Thunder,100,45,4,500,-120,3.5,H
Minnesota Timberwolves,103,25,4,-475,-110,-3.5,A
Oklahoma City Thunder,100,25,4,320,-120,3.5,H
Minnesota Timberwolves,103,16,4,-475,-110,-3.5,A
Oklahoma City Thunder,103,16,4,320,-120,3.5,H
Minnesota Timberwolves,103,16,4,-475,-110,-3.5,A
Oklahoma City Thunder,103,16,4,320,-120,3.5,H
Minnesota Timberwolves,103,16,4,-475,-110,-3.5,A
Oklahoma City Thunder,103,16,4,320,-120,3.5,H
Minnesota Timberwolves,103,16,4,-175,-110,-3.5,A
Oklahoma City Thunder,103,16,4,130,-120,3.5,H
Minnesota Timberwolves,103,16,4,-175,-110,-3.5,A
Oklahoma City Thunder,103,16,4,130,-120,3.5,H
Minnesota Timberwolves,103,16,4,-175,-110,-3.5,A
Oklahoma City Thunder,103,16,4,130,-120,3.5,H
Minnesota Timberwolves,103,7,4,-175,-110,-3.5,A
Oklahoma City Thunder,103,7,4,130,-120,3.5,H
Minnesota Timberwolves,106,0,4,-175,-110,-3.5,A
Oklahoma City Thunder,103,0,4,130,-120,3.5,H
Minnesota Timberwolves,106,0,4,-175,-110,-3.5,A
Oklahoma City Thunder,103,0,4,130,-120,3.5,H
Minnesota Timberwolves,106,0,4,-175,-110,-3.5,A
Oklahoma City Thunder,103,0,4,130,-120,3.5,H
Minnesota Timberwolves,106,0,4,-175,-110,-3.5,A
Oklahoma City Thunder,103,0,4,130,-120,3.5,H
Minnesota Timberwolves,106,0,4,-175,-110,-3.5,A
Oklahoma City Thunder,103,0,4,130,-120,3.5,H
Minnesota Timberwolves,106,0,4,-175,-110,-3.5,A
Oklahoma City Thunder,103,0,4,130,-120,3.5,H
Minnesota Timberwolves,106,0,4,-175,-110,-3.5,A
Oklahoma City Thunder,103,0,4,130,-120,3.5,H
Minnesota Timberwolves,106,0,4,-175,-110,-3.5,A
Oklahoma City Thunder,103,0,4,130,-120,3.5,H
