Los Angeles Clippers,0,-1,0,170,-110,5.0,A
Atlanta Hawks,0,-1,0,-200,-110,-5.0,H
Los Angeles Clippers,0,718,1,175,-115,5.5,A
Atlanta Hawks,0,718,1,-240,-115,-5.5,H
Los Angeles Clippers,0,703,1,190,-115,5.5,A
Atlanta Hawks,0,703,1,-260,-115,-5.5,H
Los Angeles Clippers,0,685,1,190,-115,5.5,A
Atlanta Hawks,0,685,1,-260,-115,-5.5,H
Los Angeles Clippers,0,685,1,190,-115,5.5,A
Atlanta Hawks,0,685,1,-260,-115,-5.5,H
Los Angeles Clippers,0,685,1,180,-115,5.5,A
Atlanta Hawks,0,685,1,-245,-115,-5.5,H
Los Angeles Clippers,1,683,1,180,-115,5.5,A
Atlanta Hawks,0,683,1,-245,-115,-5.5,H
Los Angeles Clippers,1,676,1,190,-115,5.5,A
Atlanta Hawks,0,676,1,-260,-115,-5.5,H
Los Angeles Clippers,1,662,1,190,-115,5.5,A
Atlanta Hawks,0,662,1,-260,-115,-5.5,H
Los Angeles Clippers,1,645,1,190,-115,5.5,A
Atlanta Hawks,0,645,1,-260,-115,-5.5,H
Los Angeles Clippers,1,628,1,185,-120,5.5,A
Atlanta Hawks,0,628,1,-260,-110,-5.5,H
Los Angeles Clippers,3,612,1,185,-120,5.5,A
Atlanta Hawks,0,612,1,-260,-110,-5.5,H
Los Angeles Clippers,3,594,1,185,-105,4.5,A
Atlanta Hawks,2,594,1,-260,-125,-4.5,H
Los Angeles Clippers,5,581,1,180,-120,5.5,A
Atlanta Hawks,2,581,1,-245,-110,-5.5,H
Los Angeles Clippers,5,562,1,190,-110,4.5,A
Atlanta Hawks,4,562,1,-260,-120,-4.5,H
Los Angeles Clippers,5,546,1,190,-120,5.5,A
Atlanta Hawks,4,546,1,-260,-110,-5.5,H
Los Angeles Clippers,5,530,1,190,-120,5.5,A
Atlanta Hawks,4,530,1,-260,-110,-5.5,H
Los Angeles Clippers,5,512,1,190,-120,5.5,A
Atlanta Hawks,4,512,1,-260,-110,-5.5,H
Los Angeles Clippers,7,501,1,180,-110,4.5,A
Atlanta Hawks,4,501,1,-245,-120,-4.5,H
Los Angeles Clippers,7,481,1,170,-115,4.5,A
Atlanta Hawks,4,481,1,-230,-115,-4.5,H
Los Angeles Clippers,7,481,1,170,-115,4.5,A
Atlanta Hawks,4,481,1,-230,-115,-4.5,H
Los Angeles Clippers,7,472,1,185,-115,4.5,A
Atlanta Hawks,4,472,1,-250,-115,-4.5,H
Los Angeles Clippers,7,453,1,185,-110,4.5,A
Atlanta Hawks,6,453,1,-245,-120,-4.5,H
Los Angeles Clippers,9,442,1,175,-110,4.5,A
Atlanta Hawks,6,442,1,-240,-120,-4.5,H
Los Angeles Clippers,9,420,1,180,-115,4.5,A
Atlanta Hawks,6,420,1,-240,-115,-4.5,H
Los Angeles Clippers,9,407,1,180,-115,4.5,A
Atlanta Hawks,8,407,1,-240,-115,-4.5,H
Los Angeles Clippers,11,386,1,175,-110,4.5,A
Atlanta Hawks,8,386,1,-240,-120,-4.5,H
Los Angeles Clippers,11,372,1,175,-115,4.5,A
Atlanta Hawks,8,372,1,-240,-115,-4.5,H
Los Angeles Clippers,11,372,1,175,-115,4.5,A
Atlanta Hawks,8,372,1,-240,-115,-4.5,H
Los Angeles Clippers,11,372,1,175,-115,4.5,A
Atlanta Hawks,8,372,1,-240,-115,-4.5,H
Los Angeles Clippers,11,372,1,175,-115,4.5,A
Atlanta Hawks,8,372,1,-240,-115,-4.5,H
Los Angeles Clippers,11,372,1,175,-115,4.5,A
Atlanta Hawks,8,372,1,-240,-115,-4.5,H
Los Angeles Clippers,11,372,1,175,-115,4.5,A
Atlanta Hawks,8,372,1,-240,-115,-4.5,H
Los Angeles Clippers,11,372,1,175,-115,4.5,A
Atlanta Hawks,8,372,1,-240,-115,-4.5,H
Los Angeles Clippers,11,372,1,175,-115,4.5,A
Atlanta Hawks,8,372,1,-240,-115,-4.5,H
Los Angeles Clippers,11,372,1,175,-115,4.5,A
Atlanta Hawks,8,372,1,-240,-115,-4.5,H
Los Angeles Clippers,11,372,1,175,-115,4.5,A
Atlanta Hawks,8,372,1,-240,-115,-4.5,H
Los Angeles Clippers,11,372,1,175,-115,4.5,A
Atlanta Hawks,8,372,1,-240,-115,-4.5,H
Los Angeles Clippers,11,372,1,175,-115,4.5,A
Atlanta Hawks,8,372,1,-240,-115,-4.5,H
Los Angeles Clippers,11,372,1,175,-115,4.5,A
Atlanta Hawks,8,372,1,-240,-115,-4.5,H
Los Angeles Clippers,11,364,1,175,-115,4.5,A
Atlanta Hawks,8,364,1,-240,-115,-4.5,H
Los Angeles Clippers,11,349,1,165,-120,4.5,A
Atlanta Hawks,10,349,1,-220,-110,-4.5,H
Los Angeles Clippers,11,341,1,175,-110,4.5,A
Atlanta Hawks,10,341,1,-230,-120,-4.5,H
Los Angeles Clippers,11,316,1,170,-115,4.5,A
Atlanta Hawks,10,316,1,-230,-115,-4.5,H
Los Angeles Clippers,11,300,1,185,-110,4.5,A
Atlanta Hawks,12,300,1,-250,-120,-4.5,H
Los Angeles Clippers,11,290,1,190,-115,5.5,A
Atlanta Hawks,12,290,1,-260,-115,-5.5,H
Los Angeles Clippers,11,290,1,190,-115,5.5,A
Atlanta Hawks,12,290,1,-260,-115,-5.5,H
Los Angeles Clippers,11,283,1,190,-115,5.5,A
Atlanta Hawks,12,283,1,-260,-115,-5.5,H
Los Angeles Clippers,11,267,1,190,-115,5.5,A
Atlanta Hawks,14,267,1,-260,-115,-5.5,H
Los Angeles Clippers,11,257,1,190,-115,5.5,A
Atlanta Hawks,14,257,1,-260,-115,-5.5,H
Los Angeles Clippers,11,251,1,190,-115,5.5,A
Atlanta Hawks,14,251,1,-260,-115,-5.5,H
Los Angeles Clippers,11,236,1,190,-115,5.5,A
Atlanta Hawks,14,236,1,-260,-115,-5.5,H
Los Angeles Clippers,11,220,1,190,-115,5.5,A
Atlanta Hawks,16,220,1,-260,-115,-5.5,H
Los Angeles Clippers,11,204,1,190,-115,5.5,A
Atlanta Hawks,14,204,1,-260,-115,-5.5,H
Los Angeles Clippers,13,187,1,190,-115,5.5,A
Atlanta Hawks,10,187,1,-260,-115,-5.5,H
Los Angeles Clippers,13,175,1,190,-115,5.5,A
Atlanta Hawks,14,175,1,-260,-115,-5.5,H
Los Angeles Clippers,15,175,1,190,-115,5.5,A
Atlanta Hawks,16,175,1,-260,-115,-5.5,H
Los Angeles Clippers,18,175,1,190,-115,5.5,A
Atlanta Hawks,16,175,1,-260,-115,-5.5,H
Los Angeles Clippers,18,175,1,190,-115,5.5,A
Atlanta Hawks,16,175,1,-260,-115,-5.5,H
Los Angeles Clippers,18,175,1,170,-115,5.5,A
Atlanta Hawks,16,175,1,-230,-115,-5.5,H
Los Angeles Clippers,18,175,1,170,-120,4.5,A
Atlanta Hawks,16,175,1,-230,-110,-4.5,H
Los Angeles Clippers,18,175,1,170,-120,4.5,A
Atlanta Hawks,16,175,1,-230,-110,-4.5,H
Los Angeles Clippers,18,175,1,170,-120,4.5,A
Atlanta Hawks,16,175,1,-230,-110,-4.5,H
Los Angeles Clippers,18,175,1,170,-120,4.5,A
Atlanta Hawks,16,175,1,-230,-110,-4.5,H
Los Angeles Clippers,18,175,1,170,-120,4.5,A
Atlanta Hawks,16,175,1,-230,-110,-4.5,H
Los Angeles Clippers,18,175,1,170,-120,4.5,A
Atlanta Hawks,16,175,1,-230,-110,-4.5,H
Los Angeles Clippers,18,175,1,170,-120,4.5,A
Atlanta Hawks,16,175,1,-230,-110,-4.5,H
Los Angeles Clippers,18,166,1,170,-120,4.5,A
Atlanta Hawks,16,166,1,-230,-110,-4.5,H
Los Angeles Clippers,18,161,1,165,-120,4.5,A
Atlanta Hawks,16,161,1,-220,-110,-4.5,H
Los Angeles Clippers,18,161,1,185,-110,4.5,A
Atlanta Hawks,17,161,1,-250,-120,-4.5,H
Los Angeles Clippers,18,161,1,180,-110,4.5,A
Atlanta Hawks,18,161,1,-250,-120,-4.5,H
Los Angeles Clippers,18,146,1,180,-110,4.5,A
Atlanta Hawks,18,146,1,-250,-120,-4.5,H
Los Angeles Clippers,18,146,1,180,-110,4.5,A
Atlanta Hawks,18,146,1,-250,-120,-4.5,H
Los Angeles Clippers,18,144,1,180,-110,4.5,A
Atlanta Hawks,18,144,1,-250,-120,-4.5,H
Los Angeles Clippers,19,141,1,175,-110,4.5,A
Atlanta Hawks,18,141,1,-240,-120,-4.5,H
Los Angeles Clippers,19,127,1,175,-110,4.5,A
Atlanta Hawks,18,127,1,-240,-120,-4.5,H
Los Angeles Clippers,19,126,1,175,-115,4.5,A
Atlanta Hawks,18,126,1,-230,-115,-4.5,H
Los Angeles Clippers,19,126,1,160,-110,3.5,A
Atlanta Hawks,18,126,1,-215,-120,-3.5,H
Los Angeles Clippers,19,126,1,160,-110,3.5,A
Atlanta Hawks,19,126,1,-215,-120,-3.5,H
Los Angeles Clippers,19,120,1,160,-110,3.5,A
Atlanta Hawks,20,120,1,-215,-120,-3.5,H
Los Angeles Clippers,21,105,1,190,-120,5.5,A
Atlanta Hawks,20,105,1,-260,-110,-5.5,H
Los Angeles Clippers,21,89,1,190,-120,5.5,A
Atlanta Hawks,20,89,1,-260,-110,-5.5,H
Los Angeles Clippers,21,72,1,175,-115,4.5,A
Atlanta Hawks,20,72,1,-240,-115,-4.5,H
Los Angeles Clippers,21,59,1,165,-115,4.5,A
Atlanta Hawks,20,59,1,-220,-115,-4.5,H
Los Angeles Clippers,21,59,1,165,-115,4.5,A
Atlanta Hawks,20,59,1,-220,-115,-4.5,H
Los Angeles Clippers,21,40,1,165,-115,4.5,A
Atlanta Hawks,20,40,1,-220,-115,-4.5,H
Los Angeles Clippers,21,23,1,165,-115,4.5,A
Atlanta Hawks,20,23,1,-220,-115,-4.5,H
Los Angeles Clippers,21,9,1,165,-115,4.5,A
Atlanta Hawks,20,9,1,-220,-115,-4.5,H
Los Angeles Clippers,21,0,1,165,-115,4.5,A
Atlanta Hawks,20,0,1,-220,-115,-4.5,H
Los Angeles Clippers,21,0,1,165,-115,4.5,A
Atlanta Hawks,22,0,1,-220,-115,-4.5,H
Los Angeles Clippers,21,720,2,165,-115,4.5,A
Atlanta Hawks,22,720,2,-220,-115,-4.5,H
Los Angeles Clippers,21,720,2,190,-120,5.5,A
Atlanta Hawks,22,720,2,-260,-110,-5.5,H
Los Angeles Clippers,21,720,2,190,-120,5.5,A
Atlanta Hawks,22,720,2,-260,-110,-5.5,H
Los Angeles Clippers,21,720,2,190,-120,5.5,A
Atlanta Hawks,22,720,2,-260,-110,-5.5,H
Los Angeles Clippers,21,720,2,190,-120,5.5,A
Atlanta Hawks,22,720,2,-260,-110,-5.5,H
Los Angeles Clippers,21,720,2,190,-120,5.5,A
Atlanta Hawks,22,720,2,-260,-110,-5.5,H
Los Angeles Clippers,21,720,2,190,-120,5.5,A
Atlanta Hawks,22,720,2,-260,-110,-5.5,H
Los Angeles Clippers,21,720,2,190,-120,5.5,A
Atlanta Hawks,22,720,2,-260,-110,-5.5,H
Los Angeles Clippers,21,720,2,190,-120,5.5,A
Atlanta Hawks,22,720,2,-260,-110,-5.5,H
Los Angeles Clippers,21,706,2,190,-120,5.5,A
Atlanta Hawks,22,706,2,-260,-110,-5.5,H
Los Angeles Clippers,23,690,2,190,-120,5.5,A
Atlanta Hawks,22,690,2,-260,-110,-5.5,H
Los Angeles Clippers,23,674,2,175,-115,4.5,A
Atlanta Hawks,22,674,2,-240,-115,-4.5,H
Los Angeles Clippers,23,674,2,170,-115,4.5,A
Atlanta Hawks,22,674,2,-240,-115,-4.5,H
Los Angeles Clippers,25,657,2,175,-115,4.5,A
Atlanta Hawks,22,657,2,-240,-115,-4.5,H
Los Angeles Clippers,25,643,2,165,-110,3.5,A
Atlanta Hawks,24,643,2,-220,-120,-3.5,H
Los Angeles Clippers,25,625,2,170,-120,4.5,A
Atlanta Hawks,24,625,2,-230,-110,-4.5,H
Los Angeles Clippers,25,609,2,170,-115,4.5,A
Atlanta Hawks,26,609,2,-240,-115,-4.5,H
Los Angeles Clippers,25,603,2,185,-110,4.5,A
Atlanta Hawks,26,603,2,-250,-120,-4.5,H
Los Angeles Clippers,26,603,2,175,-115,4.5,A
Atlanta Hawks,26,603,2,-240,-115,-4.5,H
Los Angeles Clippers,27,603,2,170,-120,4.5,A
Atlanta Hawks,26,603,2,-230,-110,-4.5,H
Los Angeles Clippers,27,603,2,175,-115,4.5,A
Atlanta Hawks,26,603,2,-240,-115,-4.5,H
Los Angeles Clippers,27,586,2,175,-115,4.5,A
Atlanta Hawks,26,586,2,-240,-115,-4.5,H
Los Angeles Clippers,27,568,2,180,-115,4.5,A
Atlanta Hawks,26,568,2,-240,-115,-4.5,H
Los Angeles Clippers,27,552,2,180,-115,4.5,A
Atlanta Hawks,26,552,2,-245,-115,-4.5,H
Los Angeles Clippers,30,536,2,165,-125,4.5,A
Atlanta Hawks,26,536,2,-220,-105,-4.5,H
Los Angeles Clippers,30,526,2,165,-125,4.5,A
Atlanta Hawks,26,526,2,-220,-105,-4.5,H
Los Angeles Clippers,30,526,2,155,-120,3.5,A
Atlanta Hawks,27,526,2,-210,-110,-3.5,H
Los Angeles Clippers,30,526,2,160,-115,3.5,A
Atlanta Hawks,28,526,2,-215,-115,-3.5,H
Los Angeles Clippers,30,509,2,160,-115,3.5,A
Atlanta Hawks,28,509,2,-215,-115,-3.5,H
Los Angeles Clippers,30,497,2,160,-115,3.5,A
Atlanta Hawks,28,497,2,-215,-115,-3.5,H
Los Angeles Clippers,30,493,2,160,-105,3.5,A
Atlanta Hawks,28,493,2,-215,-125,-3.5,H
Los Angeles Clippers,30,471,2,165,-105,3.5,A
Atlanta Hawks,28,471,2,-220,-125,-3.5,H
Los Angeles Clippers,30,458,2,155,-115,3.5,A
Atlanta Hawks,30,458,2,-210,-115,-3.5,H
Los Angeles Clippers,30,458,2,170,-120,4.5,A
Atlanta Hawks,30,458,2,-230,-110,-4.5,H
Los Angeles Clippers,30,458,2,170,-120,4.5,A
Atlanta Hawks,30,458,2,-230,-110,-4.5,H
Los Angeles Clippers,30,458,2,170,-120,4.5,A
Atlanta Hawks,30,458,2,-230,-110,-4.5,H
Los Angeles Clippers,30,458,2,170,-120,4.5,A
Atlanta Hawks,30,458,2,-230,-110,-4.5,H
Los Angeles Clippers,30,458,2,170,-120,4.5,A
Atlanta Hawks,30,458,2,-230,-110,-4.5,H
Los Angeles Clippers,30,458,2,170,-120,4.5,A
Atlanta Hawks,30,458,2,-230,-110,-4.5,H
Los Angeles Clippers,30,458,2,170,-120,4.5,A
Atlanta Hawks,30,458,2,-230,-110,-4.5,H
Los Angeles Clippers,30,458,2,170,-120,4.5,A
Atlanta Hawks,30,458,2,-230,-110,-4.5,H
Los Angeles Clippers,30,458,2,170,-120,4.5,A
Atlanta Hawks,30,458,2,-230,-110,-4.5,H
Los Angeles Clippers,30,458,2,170,-120,4.5,A
Atlanta Hawks,30,458,2,-230,-110,-4.5,H
Los Angeles Clippers,30,452,2,170,-120,4.5,A
Atlanta Hawks,30,452,2,-230,-110,-4.5,H
Los Angeles Clippers,30,439,2,170,-120,4.5,A
Atlanta Hawks,30,439,2,-230,-110,-4.5,H
Los Angeles Clippers,30,439,2,190,-110,4.5,A
Atlanta Hawks,30,439,2,-260,-120,-4.5,H
Los Angeles Clippers,31,439,2,190,-105,3.5,A
Atlanta Hawks,30,439,2,-260,-125,-3.5,H
Los Angeles Clippers,32,434,2,160,-110,3.5,A
Atlanta Hawks,30,434,2,-215,-125,-3.5,H
Los Angeles Clippers,32,427,2,160,-110,3.5,A
Atlanta Hawks,30,427,2,-215,-125,-3.5,H
Los Angeles Clippers,32,427,2,160,-110,3.5,A
Atlanta Hawks,30,427,2,-215,-125,-3.5,H
Los Angeles Clippers,32,427,2,160,-110,3.5,A
Atlanta Hawks,31,427,2,-215,-125,-3.5,H
Los Angeles Clippers,32,427,2,160,-110,3.5,A
Atlanta Hawks,32,427,2,-215,-125,-3.5,H
Los Angeles Clippers,34,412,2,160,-110,3.5,A
Atlanta Hawks,32,412,2,-215,-125,-3.5,H
Los Angeles Clippers,34,394,2,160,-110,3.5,A
Atlanta Hawks,32,394,2,-215,-125,-3.5,H
Los Angeles Clippers,34,384,2,160,-110,3.5,A
Atlanta Hawks,32,384,2,-215,-125,-3.5,H
Los Angeles Clippers,34,383,2,160,-110,3.5,A
Atlanta Hawks,32,383,2,-215,-125,-3.5,H
Los Angeles Clippers,34,376,2,160,-110,3.5,A
Atlanta Hawks,32,376,2,-215,-125,-3.5,H
Los Angeles Clippers,34,376,2,160,-110,3.5,A
Atlanta Hawks,32,376,2,-215,-125,-3.5,H
Los Angeles Clippers,34,376,2,160,-110,3.5,A
Atlanta Hawks,34,376,2,-215,-125,-3.5,H
Los Angeles Clippers,34,364,2,160,-110,3.5,A
Atlanta Hawks,34,364,2,-215,-125,-3.5,H
Los Angeles Clippers,34,347,2,160,-110,3.5,A
Atlanta Hawks,36,347,2,-215,-125,-3.5,H
Los Angeles Clippers,34,331,2,210,-120,5.5,A
Atlanta Hawks,36,331,2,-290,-110,-5.5,H
Los Angeles Clippers,37,316,2,215,-110,5.5,A
Atlanta Hawks,36,316,2,-290,-120,-5.5,H
Los Angeles Clippers,37,299,2,175,-120,4.5,A
Atlanta Hawks,36,299,2,-240,-110,-4.5,H
Los Angeles Clippers,37,291,2,175,-120,4.5,A
Atlanta Hawks,36,291,2,-240,-110,-4.5,H
Los Angeles Clippers,37,291,2,175,-120,4.5,A
Atlanta Hawks,36,291,2,-240,-110,-4.5,H
Los Angeles Clippers,37,280,2,170,-125,4.5,A
Atlanta Hawks,36,280,2,-240,-105,-4.5,H
Los Angeles Clippers,39,264,2,170,-125,4.5,A
Atlanta Hawks,36,264,2,-240,-105,-4.5,H
Los Angeles Clippers,39,248,2,160,-115,3.5,A
Atlanta Hawks,39,248,2,-215,-115,-3.5,H
Los Angeles Clippers,39,232,2,180,-115,4.5,A
Atlanta Hawks,39,232,2,-245,-115,-4.5,H
Los Angeles Clippers,39,214,2,200,-110,4.5,A
Atlanta Hawks,39,214,2,-275,-120,-4.5,H
Los Angeles Clippers,41,198,2,175,-115,4.5,A
Atlanta Hawks,39,198,2,-240,-115,-4.5,H
Los Angeles Clippers,41,185,2,140,-110,2.5,A
Atlanta Hawks,39,185,2,-185,-120,-2.5,H
Los Angeles Clippers,41,185,2,140,-110,2.5,A
Atlanta Hawks,39,185,2,-185,-120,-2.5,H
Los Angeles Clippers,44,176,2,165,-110,3.5,A
Atlanta Hawks,39,176,2,-220,-120,-3.5,H
Los Angeles Clippers,44,176,2,110,-110,1.5,A
Atlanta Hawks,39,176,2,-150,-120,-1.5,H
Los Angeles Clippers,44,176,2,110,-110,1.5,A
Atlanta Hawks,39,176,2,-150,-120,-1.5,H
Los Angeles Clippers,44,176,2,110,-110,1.5,A
Atlanta Hawks,39,176,2,-150,-120,-1.5,H
Los Angeles Clippers,44,176,2,110,-110,1.5,A
Atlanta Hawks,39,176,2,-150,-120,-1.5,H
Los Angeles Clippers,44,176,2,110,-110,1.5,A
Atlanta Hawks,39,176,2,-150,-120,-1.5,H
Los Angeles Clippers,44,176,2,110,-110,1.5,A
Atlanta Hawks,39,176,2,-150,-120,-1.5,H
Los Angeles Clippers,44,176,2,110,-110,1.5,A
Atlanta Hawks,39,176,2,-150,-120,-1.5,H
Los Angeles Clippers,44,176,2,110,-110,1.5,A
Atlanta Hawks,39,176,2,-150,-120,-1.5,H
Los Angeles Clippers,44,176,2,110,-110,1.5,A
Atlanta Hawks,39,176,2,-150,-120,-1.5,H
Los Angeles Clippers,44,174,2,110,-110,1.5,A
Atlanta Hawks,39,174,2,-150,-120,-1.5,H
Los Angeles Clippers,44,164,2,110,-110,1.5,A
Atlanta Hawks,39,164,2,-150,-120,-1.5,H
Los Angeles Clippers,44,145,2,110,-115,1.5,A
Atlanta Hawks,39,145,2,-145,-115,-1.5,H
Los Angeles Clippers,44,137,2,100,-120,1.5,A
Atlanta Hawks,39,137,2,-130,-110,-1.5,H
Los Angeles Clippers,44,137,2,115,-105,1.5,A
Atlanta Hawks,39,137,2,-155,-125,-1.5,H
Los Angeles Clippers,44,137,2,115,-105,1.5,A
Atlanta Hawks,41,137,2,-155,-125,-1.5,H
Los Angeles Clippers,44,131,2,120,-125,2.5,A
Atlanta Hawks,41,131,2,-160,-105,-2.5,H
Los Angeles Clippers,44,120,2,120,-125,2.5,A
Atlanta Hawks,41,120,2,-160,-110,-2.5,H
Los Angeles Clippers,44,103,2,135,-115,2.5,A
Atlanta Hawks,41,103,2,-180,-115,-2.5,H
Los Angeles Clippers,44,103,2,120,-120,2.5,A
Atlanta Hawks,41,103,2,-160,-110,-2.5,H
Los Angeles Clippers,44,90,2,120,-120,2.5,A
Atlanta Hawks,41,90,2,-160,-110,-2.5,H
Los Angeles Clippers,46,80,2,110,-115,1.5,A
Atlanta Hawks,41,80,2,-145,-115,-1.5,H
Los Angeles Clippers,48,53,2,110,-115,1.5,A
Atlanta Hawks,41,53,2,-145,-115,-1.5,H
Los Angeles Clippers,48,43,2,-130,-105,-1.5,A
Atlanta Hawks,41,43,2,100,-125,1.5,H
Los Angeles Clippers,48,43,2,-120,+105,-1.5,A
Atlanta Hawks,42,43,2,-110,-135,1.5,H
Los Angeles Clippers,48,43,2,-110,-130,1.5,A
Atlanta Hawks,42,43,2,-120,100,-1.5,H
Los Angeles Clippers,48,43,2,-110,-130,1.5,A
Atlanta Hawks,43,43,2,-120,100,-1.5,H
Los Angeles Clippers,48,38,2,-105,-130,1.5,A
Atlanta Hawks,43,38,2,-125,-105,-1.5,H
Los Angeles Clippers,48,26,2,105,-120,1.5,A
Atlanta Hawks,43,26,2,-135,-110,-1.5,H
Los Angeles Clippers,48,8,2,-105,-125,1.5,A
Atlanta Hawks,43,8,2,-125,-105,-1.5,H
Los Angeles Clippers,46,0,2,-105,-125,1.5,A
Atlanta Hawks,43,0,2,-125,-105,-1.5,H
Los Angeles Clippers,48,600,3,-105,-125,1.5,A
Atlanta Hawks,43,600,3,-125,-105,-1.5,H
Los Angeles Clippers,48,600,3,-105,-125,1.5,A
Atlanta Hawks,43,600,3,-125,-105,-1.5,H
Los Angeles Clippers,48,600,3,-105,-125,1.5,A
Atlanta Hawks,43,600,3,-125,-105,-1.5,H
Los Angeles Clippers,48,600,3,-105,-125,1.5,A
Atlanta Hawks,43,600,3,-125,-105,-1.5,H
Los Angeles Clippers,48,704,3,-105,-125,1.5,A
Atlanta Hawks,43,704,3,-125,-105,-1.5,H
Los Angeles Clippers,48,692,3,-105,-125,1.5,A
Atlanta Hawks,45,692,3,-125,-105,-1.5,H
Los Angeles Clippers,48,676,3,100,-125,1.5,A
Atlanta Hawks,45,676,3,-130,-105,-1.5,H
Los Angeles Clippers,50,659,3,115,-115,1.5,A
Atlanta Hawks,45,659,3,-155,-115,-1.5,H
Los Angeles Clippers,50,642,3,100,-120,1.5,A
Atlanta Hawks,45,642,3,-130,-110,-1.5,H
Los Angeles Clippers,50,632,3,100,-120,1.5,A
Atlanta Hawks,47,632,3,-130,-110,-1.5,H
Los Angeles Clippers,50,613,3,110,-115,1.5,A
Atlanta Hawks,47,613,3,-150,-115,-1.5,H
Los Angeles Clippers,50,609,3,110,-115,1.5,A
Atlanta Hawks,47,609,3,-150,-115,-1.5,H
Los Angeles Clippers,52,591,3,110,-115,1.5,A
Atlanta Hawks,47,591,3,-150,-115,-1.5,H
Los Angeles Clippers,52,577,3,100,-120,1.5,A
Atlanta Hawks,49,577,3,-130,-110,-1.5,H
Los Angeles Clippers,52,564,3,110,-120,1.5,A
Atlanta Hawks,51,564,3,-150,-110,-1.5,H
Los Angeles Clippers,52,564,3,125,-120,2.5,A
Atlanta Hawks,51,564,3,-165,-110,-2.5,H
Los Angeles Clippers,52,564,3,125,-120,2.5,A
Atlanta Hawks,51,564,3,-165,-110,-2.5,H
Los Angeles Clippers,52,564,3,125,-120,2.5,A
Atlanta Hawks,51,564,3,-165,-110,-2.5,H
Los Angeles Clippers,52,564,3,125,-120,2.5,A
Atlanta Hawks,51,564,3,-165,-110,-2.5,H
Los Angeles Clippers,52,564,3,125,-120,2.5,A
Atlanta Hawks,51,564,3,-165,-110,-2.5,H
Los Angeles Clippers,52,564,3,125,-120,2.5,A
Atlanta Hawks,51,564,3,-165,-110,-2.5,H
Los Angeles Clippers,52,564,3,125,-120,2.5,A
Atlanta Hawks,51,564,3,-165,-110,-2.5,H
Los Angeles Clippers,52,564,3,125,-120,2.5,A
Atlanta Hawks,51,564,3,-165,-110,-2.5,H
Los Angeles Clippers,52,564,3,125,-120,2.5,A
Atlanta Hawks,51,564,3,-165,-110,-2.5,H
Los Angeles Clippers,52,564,3,125,-120,2.5,A
Atlanta Hawks,51,564,3,-165,-110,-2.5,H
Los Angeles Clippers,52,555,3,125,-120,2.5,A
Atlanta Hawks,51,555,3,-165,-110,-2.5,H
Los Angeles Clippers,52,545,3,125,-120,2.5,A
Atlanta Hawks,51,545,3,-165,-110,-2.5,H
Los Angeles Clippers,52,532,3,150,-105,2.5,A
Atlanta Hawks,51,532,3,-200,-125,-2.5,H
Los Angeles Clippers,52,515,3,150,-105,2.5,A
Atlanta Hawks,51,515,3,-200,-125,-2.5,H
Los Angeles Clippers,55,498,3,125,-125,2.5,A
Atlanta Hawks,51,498,3,-165,-105,-2.5,H
Los Angeles Clippers,55,481,3,115,-120,1.5,A
Atlanta Hawks,53,481,3,-155,-110,-1.5,H
Los Angeles Clippers,55,467,3,-130,-110,-1.5,A
Atlanta Hawks,53,467,3,100,-120,1.5,H
Los Angeles Clippers,55,463,3,120,-115,1.5,A
Atlanta Hawks,53,463,3,-160,-115,-1.5,H
Los Angeles Clippers,55,459,3,120,-115,1.5,A
Atlanta Hawks,53,459,3,-160,-115,-1.5,H
Los Angeles Clippers,55,445,3,130,-115,2.5,A
Atlanta Hawks,53,445,3,-175,-115,-2.5,H
Los Angeles Clippers,55,428,3,130,-120,2.5,A
Atlanta Hawks,53,428,3,-175,-110,-2.5,H
Los Angeles Clippers,55,410,3,120,-115,1.5,A
Atlanta Hawks,55,410,3,-160,-115,-1.5,H
Los Angeles Clippers,55,397,3,180,-120,4.5,A
Atlanta Hawks,58,397,3,-245,-110,-4.5,H
Los Angeles Clippers,55,397,3,180,-120,4.5,A
Atlanta Hawks,58,397,3,-245,-110,-4.5,H
Los Angeles Clippers,55,397,3,180,-120,4.5,A
Atlanta Hawks,58,397,3,-245,-110,-4.5,H
Los Angeles Clippers,55,397,3,180,-120,4.5,A
Atlanta Hawks,58,397,3,-245,-110,-4.5,H
Los Angeles Clippers,55,397,3,180,-120,4.5,A
Atlanta Hawks,58,397,3,-245,-110,-4.5,H
Los Angeles Clippers,55,397,3,180,-120,4.5,A
Atlanta Hawks,58,397,3,-245,-110,-4.5,H
Los Angeles Clippers,55,397,3,180,-120,4.5,A
Atlanta Hawks,58,397,3,-245,-110,-4.5,H
Los Angeles Clippers,55,397,3,180,-120,4.5,A
Atlanta Hawks,58,397,3,-245,-110,-4.5,H
Los Angeles Clippers,55,397,3,180,-120,4.5,A
Atlanta Hawks,58,397,3,-245,-110,-4.5,H
Los Angeles Clippers,55,397,3,180,-120,4.5,A
Atlanta Hawks,58,397,3,-245,-110,-4.5,H
Los Angeles Clippers,55,397,3,180,-120,4.5,A
Atlanta Hawks,58,397,3,-245,-110,-4.5,H
Los Angeles Clippers,55,390,3,185,-120,4.5,A
Atlanta Hawks,58,390,3,-245,-110,-4.5,H
Los Angeles Clippers,55,374,3,185,-120,4.5,A
Atlanta Hawks,58,374,3,-245,-110,-4.5,H
Los Angeles Clippers,55,357,3,185,-125,5.5,A
Atlanta Hawks,58,357,3,-250,-105,-5.5,H
Los Angeles Clippers,55,340,3,185,-125,5.5,A
Atlanta Hawks,58,340,3,-250,-105,-5.5,H
Los Angeles Clippers,55,330,3,220,-125,5.5,A
Atlanta Hawks,58,330,3,-300,-105,-5.5,H
Los Angeles Clippers,55,330,3,185,-120,4.5,A
Atlanta Hawks,58,330,3,-250,-110,-4.5,H
Los Angeles Clippers,55,330,3,190,-120,4.5,A
Atlanta Hawks,58,330,3,-250,-110,-4.5,H
Los Angeles Clippers,55,330,3,190,-120,4.5,A
Atlanta Hawks,58,330,3,-260,-110,-4.5,H
Los Angeles Clippers,55,330,3,190,-120,4.5,A
Atlanta Hawks,58,330,3,-260,-110,-4.5,H
Los Angeles Clippers,55,330,3,190,-120,4.5,A
Atlanta Hawks,58,330,3,-260,-110,-4.5,H
Los Angeles Clippers,55,330,3,190,-120,4.5,A
Atlanta Hawks,58,330,3,-260,-110,-4.5,H
Los Angeles Clippers,55,330,3,190,-120,4.5,A
Atlanta Hawks,58,330,3,-260,-110,-4.5,H
Los Angeles Clippers,56,330,3,190,-120,4.5,A
Atlanta Hawks,58,330,3,-260,-110,-4.5,H
Los Angeles Clippers,57,330,3,185,-125,4.5,A
Atlanta Hawks,58,330,3,-260,-105,-4.5,H
Los Angeles Clippers,57,318,3,185,-110,3.5,A
Atlanta Hawks,58,318,3,-260,-120,-3.5,H
Los Angeles Clippers,57,301,3,180,-110,3.5,A
Atlanta Hawks,58,301,3,-245,-120,-3.5,H
Los Angeles Clippers,57,285,3,145,-105,2.5,A
Atlanta Hawks,58,285,3,-190,-125,-2.5,H
Los Angeles Clippers,59,268,3,145,-110,3.5,A
Atlanta Hawks,58,268,3,-190,-120,-3.5,H
Los Angeles Clippers,59,258,3,135,-115,2.5,A
Atlanta Hawks,60,258,3,-180,-115,-2.5,H
Los Angeles Clippers,59,243,3,145,-105,2.5,A
Atlanta Hawks,60,243,3,-190,-125,-2.5,H
Los Angeles Clippers,59,243,3,145,-110,2.5,A
Atlanta Hawks,60,243,3,-190,-125,-2.5,H
Los Angeles Clippers,59,236,3,145,-110,2.5,A
Atlanta Hawks,60,236,3,-190,-125,-2.5,H
Los Angeles Clippers,60,236,3,135,-110,2.5,A
Atlanta Hawks,60,236,3,-180,-125,-2.5,H
Los Angeles Clippers,60,236,3,135,-110,2.5,A
Atlanta Hawks,60,236,3,-180,-125,-2.5,H
Los Angeles Clippers,61,236,3,135,-115,2.5,A
Atlanta Hawks,60,236,3,-180,-115,-2.5,H
Los Angeles Clippers,61,224,3,135,-115,2.5,A
Atlanta Hawks,60,224,3,-180,-115,-2.5,H
Los Angeles Clippers,61,224,3,135,-115,2.5,A
Atlanta Hawks,61,224,3,-180,-115,-2.5,H
Los Angeles Clippers,61,216,3,135,-115,2.5,A
Atlanta Hawks,62,216,3,-180,-115,-2.5,H
Los Angeles Clippers,61,198,3,140,-110,2.5,A
Atlanta Hawks,62,198,3,-185,-120,-2.5,H
Los Angeles Clippers,61,183,3,170,-110,3.5,A
Atlanta Hawks,65,183,3,-230,-120,-3.5,H
Los Angeles Clippers,61,165,3,175,-110,3.5,A
Atlanta Hawks,65,165,3,-230,-120,-3.5,H
Los Angeles Clippers,64,149,3,215,-110,4.5,A
Atlanta Hawks,65,149,3,-300,-120,-4.5,H
Los Angeles Clippers,64,133,3,215,-110,4.5,A
Atlanta Hawks,68,133,3,-300,-120,-4.5,H
Los Angeles Clippers,64,116,3,180,-110,3.5,A
Atlanta Hawks,71,116,3,-240,-120,-3.5,H
Los Angeles Clippers,64,98,3,285,-110,5.5,A
Atlanta Hawks,71,98,3,-425,-120,-5.5,H
Los Angeles Clippers,66,89,3,350,-110,6.5,A
Atlanta Hawks,71,89,3,-550,-120,-6.5,H
Los Angeles Clippers,66,85,3,320,-115,6.5,A
Atlanta Hawks,73,85,3,-475,-115,-6.5,H
Los Angeles Clippers,66,69,3,320,-115,6.5,A
Atlanta Hawks,73,69,3,-475,-115,-6.5,H
Los Angeles Clippers,66,69,3,385,-110,6.5,A
Atlanta Hawks,73,69,3,-650,-120,-6.5,H
Los Angeles Clippers,67,69,3,350,-115,6.5,A
Atlanta Hawks,73,69,3,-550,-115,-6.5,H
Los Angeles Clippers,68,69,3,320,-120,6.5,A
Atlanta Hawks,73,69,3,-475,-110,-6.5,H
Los Angeles Clippers,68,60,3,320,-120,6.5,A
Atlanta Hawks,73,60,3,-475,-110,-6.5,H
Los Angeles Clippers,68,53,3,320,-120,6.5,A
Atlanta Hawks,73,53,3,-475,-110,-6.5,H
Los Angeles Clippers,68,53,3,320,-120,6.5,A
Atlanta Hawks,74,53,3,-475,-110,-6.5,H
Los Angeles Clippers,68,53,3,350,-115,6.5,A
Atlanta Hawks,74,53,3,-550,-115,-6.5,H
Los Angeles Clippers,68,53,3,350,-115,6.5,A
Atlanta Hawks,75,53,3,-550,-115,-6.5,H
Los Angeles Clippers,68,40,3,350,-115,6.5,A
Atlanta Hawks,75,40,3,-550,-115,-6.5,H
Los Angeles Clippers,68,23,3,385,-110,6.5,A
Atlanta Hawks,75,23,3,-650,-120,-6.5,H
Los Angeles Clippers,68,4,3,450,-110,7.5,A
Atlanta Hawks,75,4,3,-800,-120,-7.5,H
Los Angeles Clippers,68,4,3,475,-110,7.5,A
Atlanta Hawks,75,4,3,-900,-120,-7.5,H
Los Angeles Clippers,68,4,3,475,-125,8.5,A
Atlanta Hawks,76,4,3,-900,-105,-8.5,H
Los Angeles Clippers,66,0,3,500,-125,8.5,A
Atlanta Hawks,76,0,3,-900,-110,-8.5,H
Los Angeles Clippers,66,0,3,450,-110,7.5,A
Atlanta Hawks,76,0,3,-900,-120,-7.5,H
Los Angeles Clippers,66,0,3,450,-110,7.5,A
Atlanta Hawks,76,0,3,-850,-120,-7.5,H
Los Angeles Clippers,68,0,3,450,-110,7.5,A
Atlanta Hawks,76,0,3,-850,-120,-7.5,H
Los Angeles Clippers,68,0,3,450,-110,7.5,A
Atlanta Hawks,76,0,3,-850,-120,-7.5,H
Los Angeles Clippers,69,0,3,450,-110,7.5,A
Atlanta Hawks,76,0,3,-850,-120,-7.5,H
Los Angeles Clippers,70,0,3,450,-110,7.5,A
Atlanta Hawks,76,0,3,-850,-120,-7.5,H
Los Angeles Clippers,70,720,4,450,-110,7.5,A
Atlanta Hawks,76,720,4,-850,-120,-7.5,H
Los Angeles Clippers,70,720,4,450,-110,7.5,A
Atlanta Hawks,76,720,4,-850,-120,-7.5,H
Los Angeles Clippers,70,720,4,385,-110,6.5,A
Atlanta Hawks,76,720,4,-650,-120,-6.5,H
Los Angeles Clippers,70,720,4,385,-110,6.5,A
Atlanta Hawks,76,720,4,-650,-120,-6.5,H
Los Angeles Clippers,70,720,4,385,-110,6.5,A
Atlanta Hawks,76,720,4,-650,-120,-6.5,H
Los Angeles Clippers,70,720,4,385,-110,6.5,A
Atlanta Hawks,76,720,4,-650,-120,-6.5,H
Los Angeles Clippers,70,720,4,385,-110,6.5,A
Atlanta Hawks,76,720,4,-650,-120,-6.5,H
Los Angeles Clippers,70,720,4,385,-110,6.5,A
Atlanta Hawks,76,720,4,-650,-120,-6.5,H
Los Angeles Clippers,70,717,4,385,-110,6.5,A
Atlanta Hawks,76,717,4,-650,-120,-6.5,H
Los Angeles Clippers,70,700,4,385,-110,6.5,A
Atlanta Hawks,76,700,4,-650,-120,-6.5,H
Los Angeles Clippers,72,683,4,385,-110,6.5,A
Atlanta Hawks,76,683,4,-650,-120,-6.5,H
Los Angeles Clippers,72,668,4,385,-110,6.5,A
Atlanta Hawks,76,668,4,-650,-120,-6.5,H
Los Angeles Clippers,74,649,4,385,-110,6.5,A
Atlanta Hawks,76,649,4,-650,-120,-6.5,H
Los Angeles Clippers,74,631,4,385,-110,6.5,A
Atlanta Hawks,76,631,4,-650,-120,-6.5,H
Los Angeles Clippers,76,620,4,385,-110,6.5,A
Atlanta Hawks,76,620,4,-650,-120,-6.5,H
Los Angeles Clippers,76,620,4,385,-110,6.5,A
Atlanta Hawks,76,620,4,-650,-120,-6.5,H
Los Angeles Clippers,76,620,4,385,-110,6.5,A
Atlanta Hawks,76,620,4,-650,-120,-6.5,H
Los Angeles Clippers,76,620,4,385,-110,6.5,A
Atlanta Hawks,76,620,4,-650,-120,-6.5,H
Los Angeles Clippers,76,620,4,385,-110,6.5,A
Atlanta Hawks,76,620,4,-650,-120,-6.5,H
Los Angeles Clippers,76,620,4,385,-110,6.5,A
Atlanta Hawks,76,620,4,-650,-120,-6.5,H
Los Angeles Clippers,76,620,4,385,-110,6.5,A
Atlanta Hawks,76,620,4,-650,-120,-6.5,H
Los Angeles Clippers,76,620,4,385,-110,6.5,A
Atlanta Hawks,76,620,4,-650,-120,-6.5,H
Los Angeles Clippers,76,620,4,385,-110,6.5,A
Atlanta Hawks,76,620,4,-650,-120,-6.5,H
Los Angeles Clippers,76,620,4,385,-110,6.5,A
Atlanta Hawks,76,620,4,-650,-120,-6.5,H
Los Angeles Clippers,76,612,4,385,-110,6.5,A
Atlanta Hawks,76,612,4,-650,-120,-6.5,H
Los Angeles Clippers,76,593,4,385,-110,6.5,A
Atlanta Hawks,79,593,4,-650,-120,-6.5,H
Los Angeles Clippers,78,578,4,385,-110,6.5,A
Atlanta Hawks,82,578,4,-650,-120,-6.5,H
Los Angeles Clippers,78,568,4,385,-110,6.5,A
Atlanta Hawks,82,568,4,-650,-120,-6.5,H
Los Angeles Clippers,79,568,4,385,-110,6.5,A
Atlanta Hawks,82,568,4,-650,-120,-6.5,H
Los Angeles Clippers,79,568,4,385,-110,6.5,A
Atlanta Hawks,82,568,4,-650,-120,-6.5,H
Los Angeles Clippers,79,546,4,385,-110,6.5,A
Atlanta Hawks,84,546,4,-650,-120,-6.5,H
Los Angeles Clippers,79,529,4,385,-110,6.5,A
Atlanta Hawks,84,529,4,-650,-120,-6.5,H
Los Angeles Clippers,79,512,4,525,-120,6.5,A
Atlanta Hawks,84,512,4,-900,-110,-6.5,H
Los Angeles Clippers,79,496,4,525,-120,6.5,A
Atlanta Hawks,84,496,4,-900,-110,-6.5,H
Los Angeles Clippers,79,480,4,525,-120,7.5,A
Atlanta Hawks,86,480,4,-950,-110,-7.5,H
Los Angeles Clippers,79,478,4,550,-120,7.5,A
Atlanta Hawks,86,478,4,-1100,-110,-7.5,H
Los Angeles Clippers,79,478,4,700,-120,8.5,A
Atlanta Hawks,86,478,4,-1600,-110,-8.5,H
Los Angeles Clippers,79,478,4,700,-120,8.5,A
Atlanta Hawks,86,478,4,-1600,-110,-8.5,H
Los Angeles Clippers,79,478,4,700,-120,8.5,A
Atlanta Hawks,86,478,4,-1600,-110,-8.5,H
Los Angeles Clippers,79,478,4,700,-120,8.5,A
Atlanta Hawks,86,478,4,-1600,-110,-8.5,H
Los Angeles Clippers,79,478,4,550,-115,7.5,A
Atlanta Hawks,86,478,4,-1100,-115,-7.5,H
Los Angeles Clippers,79,478,4,550,-115,7.5,A
Atlanta Hawks,86,478,4,-1100,-115,-7.5,H
Los Angeles Clippers,79,478,4,550,-115,7.5,A
Atlanta Hawks,86,478,4,-1100,-115,-7.5,H
Los Angeles Clippers,79,478,4,550,-115,7.5,A
Atlanta Hawks,86,478,4,-1100,-115,-7.5,H
Los Angeles Clippers,79,478,4,550,-115,7.5,A
Atlanta Hawks,86,478,4,-1100,-115,-7.5,H
Los Angeles Clippers,79,463,4,550,-115,7.5,A
Atlanta Hawks,86,463,4,-1100,-115,-7.5,H
Los Angeles Clippers,81,448,4,550,-115,7.5,A
Atlanta Hawks,86,448,4,-1100,-115,-7.5,H
Los Angeles Clippers,81,429,4,550,-115,7.5,A
Atlanta Hawks,86,429,4,-1100,-115,-7.5,H
Los Angeles Clippers,81,411,4,550,-115,7.5,A
Atlanta Hawks,86,411,4,-1100,-115,-7.5,H
Los Angeles Clippers,81,400,4,550,-115,7.5,A
Atlanta Hawks,86,400,4,-1100,-115,-7.5,H
Los Angeles Clippers,81,400,4,550,-115,7.5,A
Atlanta Hawks,86,400,4,-1100,-115,-7.5,H
Los Angeles Clippers,81,392,4,550,-115,7.5,A
Atlanta Hawks,86,392,4,-1100,-115,-7.5,H
Los Angeles Clippers,81,374,4,550,-115,7.5,A
Atlanta Hawks,86,374,4,-1100,-115,-7.5,H
Los Angeles Clippers,81,356,4,550,-115,7.5,A
Atlanta Hawks,88,356,4,-1100,-115,-7.5,H
Los Angeles Clippers,81,343,4,550,-115,7.5,A
Atlanta Hawks,88,343,4,-1100,-115,-7.5,H
Los Angeles Clippers,81,343,4,550,-115,7.5,A
Atlanta Hawks,88,343,4,-1100,-115,-7.5,H
Los Angeles Clippers,82,343,4,525,-110,6.5,A
Atlanta Hawks,88,343,4,-950,-120,-6.5,H
Los Angeles Clippers,83,340,4,525,-115,6.5,A
Atlanta Hawks,88,340,4,-950,-115,-6.5,H
Los Angeles Clippers,83,323,4,525,-115,6.5,A
Atlanta Hawks,88,323,4,-950,-115,-6.5,H
Los Angeles Clippers,83,306,4,525,-115,6.5,A
Atlanta Hawks,90,306,4,-950,-115,-6.5,H
Los Angeles Clippers,85,289,4,525,-120,6.5,A
Atlanta Hawks,90,289,4,-950,-110,-6.5,H
Los Angeles Clippers,85,272,4,525,-120,6.5,A
Atlanta Hawks,90,272,4,-950,-110,-6.5,H
Los Angeles Clippers,85,257,4,400,-125,5.5,A
Atlanta Hawks,90,257,4,-700,-105,-5.5,H
Los Angeles Clippers,85,254,4,525,100,5.5,A
Atlanta Hawks,90,254,4,-950,-130,-5.5,H
Los Angeles Clippers,85,252,4,525,100,5.5,A
Atlanta Hawks,90,252,4,-950,-130,-5.5,H
Los Angeles Clippers,85,241,4,525,100,5.5,A
Atlanta Hawks,92,241,4,-950,-130,-5.5,H
Los Angeles Clippers,85,241,4,600,100,5.5,A
Atlanta Hawks,92,241,4,-1200,-130,-5.5,H
Los Angeles Clippers,85,241,4,600,100,5.5,A
Atlanta Hawks,92,241,4,-1200,-130,-5.5,H
Los Angeles Clippers,85,241,4,600,100,5.5,A
Atlanta Hawks,92,241,4,-1200,-130,-5.5,H
Los Angeles Clippers,85,241,4,600,100,5.5,A
Atlanta Hawks,92,241,4,-1200,-130,-5.5,H
Los Angeles Clippers,85,241,4,600,100,5.5,A
Atlanta Hawks,92,241,4,-1200,-130,-5.5,H
Los Angeles Clippers,85,241,4,600,100,5.5,A
Atlanta Hawks,92,241,4,-1200,-130,-5.5,H
Los Angeles Clippers,85,227,4,600,100,5.5,A
Atlanta Hawks,92,227,4,-1200,-130,-5.5,H
Los Angeles Clippers,85,227,4,700,-115,6.5,A
Atlanta Hawks,92,227,4,-1600,-115,-6.5,H
Los Angeles Clippers,85,227,4,700,-115,6.5,A
Atlanta Hawks,92,227,4,-1600,-115,-6.5,H
Los Angeles Clippers,85,222,4,700,-115,6.5,A
Atlanta Hawks,92,222,4,-1600,-115,-6.5,H
Los Angeles Clippers,85,222,4,800,-115,6.5,A
Atlanta Hawks,92,222,4,-2000,-115,-6.5,H
Los Angeles Clippers,85,222,4,1100,-120,7.5,A
Atlanta Hawks,93,222,4,-5000,-110,-7.5,H
Los Angeles Clippers,85,222,4,1100,-115,7.5,A
Atlanta Hawks,95,222,4,-5000,-115,-7.5,H
Los Angeles Clippers,87,207,4,1300,-110,7.5,A
Atlanta Hawks,95,207,4,-20000,-120,-7.5,H
Los Angeles Clippers,87,197,4,1100,-120,7.5,A
Atlanta Hawks,95,197,4,-6600,-110,-7.5,H
Los Angeles Clippers,87,197,4,1100,-120,7.5,A
Atlanta Hawks,95,197,4,-6600,-110,-7.5,H
Los Angeles Clippers,87,181,4,1100,-120,7.5,A
Atlanta Hawks,98,181,4,-6600,-110,-7.5,H
Los Angeles Clippers,90,164,4,1700,-115,9.5,A
Atlanta Hawks,98,164,4,-20000,-115,-9.5,H
Los Angeles Clippers,90,148,4,1400,-105,7.5,A
Atlanta Hawks,98,148,4,-50000,-125,-7.5,H
Los Angeles Clippers,90,132,4,1500,100,7.5,A
Atlanta Hawks,98,132,4,-50000,-130,-7.5,H
Los Angeles Clippers,90,116,4,1500,100,7.5,A
Atlanta Hawks,101,116,4,-50000,-130,-7.5,H
Los Angeles Clippers,90,116,4,-135,-135,8.5,A
Atlanta Hawks,101,116,4,105,+105,-8.5,H
Los Angeles Clippers,90,116,4,-135,-135,8.5,A
Atlanta Hawks,101,116,4,105,+105,-8.5,H
Los Angeles Clippers,90,116,4,-135,-135,8.5,A
Atlanta Hawks,101,116,4,105,+105,-8.5,H
Los Angeles Clippers,90,116,4,-135,-135,8.5,A
Atlanta Hawks,101,116,4,105,+105,-8.5,H
Los Angeles Clippers,90,116,4,-135,-135,8.5,A
Atlanta Hawks,101,116,4,105,+105,-8.5,H
Los Angeles Clippers,90,116,4,-135,-135,8.5,A
Atlanta Hawks,101,116,4,105,+105,-8.5,H
Los Angeles Clippers,93,102,4,-135,-135,8.5,A
Atlanta Hawks,101,102,4,105,+105,-8.5,H
Los Angeles Clippers,93,85,4,-135,-135,8.5,A
Atlanta Hawks,101,85,4,105,+105,-8.5,H
Los Angeles Clippers,95,69,4,-135,-135,8.5,A
Atlanta Hawks,101,69,4,105,+105,-8.5,H
Los Angeles Clippers,95,69,4,-135,-135,8.5,A
Atlanta Hawks,101,69,4,105,+105,-8.5,H
Los Angeles Clippers,96,57,4,-135,-135,8.5,A
Atlanta Hawks,101,57,4,105,+105,-8.5,H
Los Angeles Clippers,96,41,4,-135,-135,8.5,A
Atlanta Hawks,104,41,4,105,+105,-8.5,H
Los Angeles Clippers,96,37,4,-135,-135,8.5,A
Atlanta Hawks,104,37,4,105,+105,-8.5,H
Los Angeles Clippers,96,37,4,-135,-135,8.5,A
Atlanta Hawks,104,37,4,105,+105,-8.5,H
Los Angeles Clippers,97,37,4,-135,-135,8.5,A
Atlanta Hawks,104,37,4,105,+105,-8.5,H
Los Angeles Clippers,97,26,4,-135,-135,8.5,A
Atlanta Hawks,104,26,4,105,+105,-8.5,H
Los Angeles Clippers,97,26,4,-135,-135,8.5,A
Atlanta Hawks,106,26,4,105,+105,-8.5,H
Los Angeles Clippers,97,26,4,-135,-135,8.5,A
Atlanta Hawks,106,26,4,105,+105,-8.5,H
Los Angeles Clippers,97,26,4,-135,-135,8.5,A
Atlanta Hawks,106,26,4,105,+105,-8.5,H
Los Angeles Clippers,97,26,4,-135,-135,8.5,A
Atlanta Hawks,106,26,4,105,+105,-8.5,H
Los Angeles Clippers,97,26,4,-135,-135,8.5,A
Atlanta Hawks,106,26,4,105,+105,-8.5,H
Los Angeles Clippers,97,26,4,-135,-135,8.5,A
Atlanta Hawks,106,26,4,105,+105,-8.5,H
Los Angeles Clippers,97,24,4,-135,-135,8.5,A
Atlanta Hawks,106,24,4,105,+105,-8.5,H
Los Angeles Clippers,99,18,4,-135,-135,8.5,A
Atlanta Hawks,106,18,4,105,+105,-8.5,H
Los Angeles Clippers,99,12,4,-135,-135,8.5,A
Atlanta Hawks,106,12,4,105,+105,-8.5,H
Los Angeles Clippers,99,12,4,-135,-135,8.5,A
Atlanta Hawks,107,12,4,105,+105,-8.5,H
Los Angeles Clippers,99,9,4,-135,-135,8.5,A
Atlanta Hawks,108,9,4,105,+105,-8.5,H
Los Angeles Clippers,99,0,4,-135,-135,8.5,A
Atlanta Hawks,108,0,4,105,+105,-8.5,H
Los Angeles Clippers,99,0,4,-135,-135,8.5,A
Atlanta Hawks,108,0,4,105,+105,-8.5,H
Los Angeles Clippers,97,0,4,-135,-135,8.5,A
Atlanta Hawks,108,0,4,105,+105,-8.5,H
